id	target	approach	calls	ms	bytes	exit
E1.gh_view	E1	gh_view	1	851	660	0
E1.gh_view_c	E1	gh_view_c	1	799	0	0
E1.rest_ic	E1	rest_ic	1	359	2	0
E1.rest_rv	E1	rest_rv	1	417	2	0
E1.rest_rc	E1	rest_rc	1	336	2	0
E1.gql_meta	E1	gql_meta	1	361	120	0
E1.gql_open	E1	gql_open	1	406	0	0
E1.s_full	E1	s_full	1	1154	635	0
E1.s_toc	E1	s_toc	1	899	387	0
E1.s_unres	E1	s_unres	1	852	180	0
E1.s_toc_unres	E1	s_toc_unres	1	752	180	0
E1.s_slr	E1	s_slr	1	764	448	0
E1.s_latest	E1	s_latest	1	825	451	0
E1.s_since	E1	s_since	1	810	635	0
E2.gh_view	E2	gh_view	1	1114	1947	0
E2.gh_view_c	E2	gh_view_c	1	765	0	0
E2.rest_ic	E2	rest_ic	1	324	2	0
E2.rest_rv	E2	rest_rv	1	431	2	0
E2.rest_rc	E2	rest_rc	1	330	2	0
E2.gql_meta	E2	gql_meta	1	304	120	0
E2.gql_open	E2	gql_open	1	341	0	0
E2.s_full	E2	s_full	1	889	1652	0
E2.s_toc	E2	s_toc	1	1048	304	0
E2.s_unres	E2	s_unres	1	736	156	0
E2.s_toc_unres	E2	s_toc_unres	1	814	156	0
E2.s_slr	E2	s_slr	1	745	365	0
E2.s_latest	E2	s_latest	1	743	368	0
E2.s_since	E2	s_since	1	798	1652	0
R1.gh_view	R1	gh_view	1	1055	5419	0
R1.gh_view_c	R1	gh_view_c	1	884	3632	0
R1.rest_ic	R1	rest_ic	1	366	2519	0
R1.rest_rv	R1	rest_rv	1	795	23437	0
R1.rest_rc	R1	rest_rc	1	484	85716	0
R1.gql_meta	R1	gql_meta	1	651	1491	0
R1.gql_open	R1	gql_open	1	467	0	0
R1.s_full	R1	s_full	1	1188	21287	0
R1.s_toc	R1	s_toc	1	1115	3540	0
R1.s_unres	R1	s_unres	1	964	178	0
R1.s_toc_unres	R1	s_toc_unres	1	1605	178	0
R1.s_slr	R1	s_slr	1	1044	5423	0
R1.s_latest	R1	s_latest	1	1308	5423	0
R1.s_since	R1	s_since	1	1071	20066	0
R2.gh_view	R2	gh_view	1	1043	1410	0
R2.gh_view_c	R2	gh_view_c	1	924	2767	0
R2.rest_ic	R2	rest_ic	1	389	6104	0
R2.rest_rv	R2	rest_rv	1	580	9761	0
R2.rest_rc	R2	rest_rc	1	413	10739	0
R2.gql_meta	R2	gql_meta	1	378	403	0
R2.gql_open	R2	gql_open	1	474	0	0
R2.s_full	R2	s_full	1	1020	2885	0
R2.s_toc	R2	s_toc	1	1136	1012	0
R2.s_unres	R2	s_unres	1	1061	197	0
R2.s_toc_unres	R2	s_toc_unres	1	1018	197	0
R2.s_slr	R2	s_slr	1	1091	1460	0
R2.s_latest	R2	s_latest	1	941	1395	0
R2.s_since	R2	s_since	1	1329	1460	0
O1.gh_view	O1	gh_view	1	1200	5090	0
O1.gh_view_c	O1	gh_view_c	1	876	16181	0
O1.rest_ic	O1	rest_ic	1	399	3845	0
O1.rest_rv	O1	rest_rv	1	634	39166	0
O1.rest_rc	O1	rest_rc	1	437	124617	0
O1.gql_meta	O1	gql_meta	1	412	1944	0
O1.gql_open	O1	gql_open	1	407	5162	0
O1.s_full	O1	s_full	1	1283	22036	0
O1.s_toc	O1	s_toc	1	1422	4607	0
O1.s_unres	O1	s_unres	1	1489	7214	0
O1.s_toc_unres	O1	s_toc_unres	1	1188	913	0
O1.s_slr	O1	s_slr	1	1333	4278	0
O1.s_latest	O1	s_latest	1	1096	4278	0
O1.s_since	O1	s_since	1	1349	20028	0
I1.gh_view	I1	gh_view	1	543	1420	0
I1.gh_view_c	I1	gh_view_c	1	744	1850	0
I1.gh_json_close	I1	gh_json_close	1	430	115	0
I1.rest_issue	I1	rest_issue	1	350	4399	0
I1.rest_ic	I1	rest_ic	1	315	7872	0
I1.rest_tl	I1	rest_tl	1	447	14944	0
I1.s_full	I1	s_full	1	578	1654	0
I1.s_toc	I1	s_toc	1	507	509	0
I1.s_events	I1	s_events	1	515	1760	0
I2.gh_view	I2	gh_view	1	740	1318	0
I2.gh_view_c	I2	gh_view_c	1	555	0	0
I2.gh_json_close	I2	gh_json_close	1	429	336	0
I2.rest_issue	I2	rest_issue	1	358	4289	0
I2.rest_ic	I2	rest_ic	1	290	2	0
I2.rest_tl	I2	rest_tl	1	671	14779	0
I2.s_full	I2	s_full	1	710	1465	0
I2.s_toc	I2	s_toc	1	680	475	0
I2.s_events	I2	s_events	1	655	1571	0
I3.gh_view	I3	gh_view	1	712	1270	0
I3.gh_view_c	I3	gh_view_c	1	597	1756	0
I3.gh_json_close	I3	gh_json_close	1	371	336	0
I3.rest_issue	I3	rest_issue	1	346	4899	0
I3.rest_ic	I3	rest_ic	1	386	8711	0
I3.rest_tl	I3	rest_tl	1	766	61067	0
I3.s_full	I3	s_full	1	775	1634	0
I3.s_toc	I3	s_toc	1	717	737	0
I3.s_events	I3	s_events	1	604	1866	0
I4.gh_view	I4	gh_view	1	750	1016	0
I4.gh_view_c	I4	gh_view_c	1	638	1671	0
I4.gh_json_close	I4	gh_json_close	1	442	115	0
I4.rest_issue	I4	rest_issue	1	346	6296	0
I4.rest_ic	I4	rest_ic	1	371	4715	0
I4.rest_tl	I4	rest_tl	1	586	35401	0
I4.s_full	I4	s_full	1	484	1241	0
I4.s_toc	I4	s_toc	1	559	609	0
I4.s_events	I4	s_events	1	616	1453	0
