id	bytes	tokens
E1.gh_view	660	277
E1.gh_view_c	0	0
E1.gql_meta	120	66
E1.gql_open	0	0
E1.rest_ic	2	3
E1.rest_rc	2	3
E1.rest_rv	2	3
E1.s_full	635	245
E1.s_latest	451	180
E1.s_since	635	245
E1.s_slr	448	180
E1.s_toc	387	161
E1.s_toc_unres	180	77
E1.s_unres	180	77
E2.gh_view	1947	732
E2.gh_view_c	0	0
E2.gql_meta	120	66
E2.gql_open	0	0
E2.rest_ic	2	3
E2.rest_rc	2	3
E2.rest_rv	2	3
E2.s_full	1652	622
E2.s_latest	368	172
E2.s_since	1652	622
E2.s_slr	365	172
E2.s_toc	304	153
E2.s_toc_unres	156	80
E2.s_unres	156	80
FIX.issue_desc	664	246
FIX.issue_ref	2718	988
FIX.issue_skillmd	3906	1469
FIX.pr_desc	740	272
FIX.pr_ref	4173	1425
FIX.pr_skillmd	5486	2074
I1.gh_json_close	115	63
I1.gh_view	1420	612
I1.gh_view_c	1850	772
I1.rest_ic	7872	3513
I1.rest_issue	4399	1922
I1.rest_tl	14944	6640
I1.s_events	1760	762
I1.s_full	1654	712
I1.s_toc	509	219
I2.gh_json_close	336	212
I2.gh_view	1318	622
I2.gh_view_c	0	0
I2.rest_ic	2	3
I2.rest_issue	4289	1951
I2.rest_tl	14779	6403
I2.s_events	1571	748
I2.s_full	1465	698
I2.s_toc	475	230
I3.gh_json_close	336	211
I3.gh_view	1270	475
I3.gh_view_c	1756	671
I3.rest_ic	8711	3732
I3.rest_issue	4899	2102
I3.rest_tl	61067	26762
I3.s_events	1866	764
I3.s_full	1634	644
I3.s_toc	737	340
I4.gh_json_close	115	63
I4.gh_view	1016	434
I4.gh_view_c	1671	699
I4.rest_ic	4715	2111
I4.rest_issue	6296	2624
I4.rest_tl	35401	15239
I4.s_events	1453	640
I4.s_full	1241	540
I4.s_toc	609	277
O1.gh_view	5090	1836
O1.gh_view_c	16181	6105
O1.gql_meta	1944	930
O1.gql_open	5162	2126
O1.rest_ic	3845	1563
O1.rest_rc	124617	59629
O1.rest_rv	39166	16891
O1.s_full	22036	8502
O1.s_latest	4278	1576
O1.s_since	20028	7764
O1.s_slr	4278	1576
O1.s_toc	4607	2078
O1.s_toc_unres	913	475
O1.s_unres	7214	2614
R1.gh_view	5419	2060
R1.gh_view_c	3632	1333
R1.gql_meta	1491	781
R1.gql_open	0	0
R1.rest_ic	2519	1051
R1.rest_rc	85716	40273
R1.rest_rv	23437	10707
R1.s_full	21287	8147
R1.s_latest	5423	2105
R1.s_since	20066	7651
R1.s_slr	5423	2105
R1.s_toc	3540	1685
R1.s_toc_unres	178	85
R1.s_unres	178	85
R2.gh_view	1410	560
R2.gh_view_c	2767	1024
R2.gql_meta	403	226
R2.gql_open	0	0
R2.rest_ic	6104	2558
R2.rest_rc	10739	4981
R2.rest_rv	9761	4367
R2.s_full	2885	1153
R2.s_latest	1395	553
R2.s_since	1460	588
R2.s_slr	1460	588
R2.s_toc	1012	466
R2.s_toc_unres	197	94
R2.s_unres	197	94
TA.expert_fetch	949	319
TA.expert_list	111	53
TA.skill_slice	989	347
TB.expert_fetch	364	149
TB.expert_list	1467	667
TB.skill_slice	440	182
TC.expert_fetch	926	315
TC.expert_list	1893	789
TC.skill_slice	988	334
TC.unres_slice	988	334
TD.expert_fetch	56	18
TD.expert_list	310	140
TD.skill_slice	92	37
